Id,Name,Email
1,User1,User1@mail.com
2,User2,User2@mail.com
3,User3,User3@mail.com
4,User4,User4@mail.com
5,User5,User5@mail.com
6,User6,User6@mail.com
7,User7,User7@mail.com
8,User8,User8@mail.com
9,User9,User9@mail.com
10,User10,User10@mail.com
11,User11,User11@mail.com
12,User12,User12@mail.com
13,User13,User13@mail.com
14,User14,User14@mail.com
15,User15,User15@mail.com
16,User16,User16@mail.com
17,User17,User17@mail.com
18,User18,User18@mail.com
19,User19,User19@mail.com
20,User20,User20@mail.com
21,User21,User21@mail.com
22,User22,User22@mail.com
23,User23,User23@mail.com
24,User24,User24@mail.com
25,User25,User25@mail.com
26,User26,User26@mail.com
27,User27,User27@mail.com
28,User28,User28@mail.com
29,User29,User29@mail.com
30,User30,User30@mail.com
31,User31,User31@mail.com
32,User32,User32@mail.com
33,User33,User33@mail.com
34,User34,User34@mail.com
35,User35,User35@mail.com
36,User36,User36@mail.com
37,User37,User37@mail.com
38,User38,User38@mail.com
39,User39,User39@mail.com
40,User40,User40@mail.com
41,User41,User41@mail.com
42,User42,User42@mail.com
43,User43,User43@mail.com
44,User44,User44@mail.com
45,User45,User45@mail.com
46,User46,User46@mail.com
47,User47,User47@mail.com
48,User48,User48@mail.com
49,User49,User49@mail.com
50,User50,User50@mail.com
51,User51,User51@mail.com
52,User52,User52@mail.com
53,User53,User53@mail.com
54,User54,User54@mail.com
55,User55,User55@mail.com
56,User56,User56@mail.com
57,User57,User57@mail.com
58,User58,User58@mail.com
59,User59,User59@mail.com
60,User60,User60@mail.com
61,User61,User61@mail.com
62,User62,User62@mail.com
63,User63,User63@mail.com
64,User64,User64@mail.com
65,User65,User65@mail.com
66,User66,User66@mail.com
67,User67,User67@mail.com
68,User68,User68@mail.com
69,User69,User69@mail.com
70,User70,User70@mail.com
71,User71,User71@mail.com
72,User72,User72@mail.com
73,User73,User73@mail.com
74,User74,User74@mail.com
75,User75,User75@mail.com
76,User76,User76@mail.com
77,User77,User77@mail.com
78,User78,User78@mail.com
79,User79,User79@mail.com
80,User80,User80@mail.com
81,User81,User81@mail.com
82,User82,User82@mail.com
83,User83,User83@mail.com
84,User84,User84@mail.com
85,User85,User85@mail.com
86,User86,User86@mail.com
87,User87,User87@mail.com
88,User88,User88@mail.com
89,User89,User89@mail.com
90,User90,User90@mail.com
91,User91,User91@mail.com
92,User92,User92@mail.com
93,User93,User93@mail.com
94,User94,User94@mail.com
95,User95,User95@mail.com
96,User96,User96@mail.com
97,User97,User97@mail.com
98,User98,User98@mail.com
99,User99,User99@mail.com
100,User100,User100@mail.com
101,User101,User101@mail.com
102,User102,User102@mail.com
103,User103,User103@mail.com
104,User104,User104@mail.com
105,User105,User105@mail.com
106,User106,User106@mail.com
107,User107,User107@mail.com
108,User108,User108@mail.com
109,User109,User109@mail.com
110,User110,User110@mail.com
111,User111,User111@mail.com
112,User112,User112@mail.com
113,User113,User113@mail.com
114,User114,User114@mail.com
115,User115,User115@mail.com
116,User116,User116@mail.com
117,User117,User117@mail.com
118,User118,User118@mail.com
119,User119,User119@mail.com
120,User120,User120@mail.com
121,User121,User121@mail.com
122,User122,User122@mail.com
123,User123,User123@mail.com
124,User124,User124@mail.com
125,User125,User125@mail.com
126,User126,User126@mail.com
127,User127,User127@mail.com
128,User128,User128@mail.com
129,User129,User129@mail.com
130,User130,User130@mail.com
131,User131,User131@mail.com
132,User132,User132@mail.com
133,User133,User133@mail.com
134,User134,User134@mail.com
135,User135,User135@mail.com
136,User136,User136@mail.com
137,User137,User137@mail.com
138,User138,User138@mail.com
139,User139,User139@mail.com
140,User140,User140@mail.com
141,User141,User141@mail.com
142,User142,User142@mail.com
143,User143,User143@mail.com
144,User144,User144@mail.com
145,User145,User145@mail.com
146,User146,User146@mail.com
147,User147,User147@mail.com
148,User148,User148@mail.com
149,User149,User149@mail.com
150,User150,User150@mail.com
151,User151,User151@mail.com
152,User152,User152@mail.com
153,User153,User153@mail.com
154,User154,User154@mail.com
155,User155,User155@mail.com
156,User156,User156@mail.com
157,User157,User157@mail.com
158,User158,User158@mail.com
159,User159,User159@mail.com
160,User160,User160@mail.com
161,User161,User161@mail.com
162,User162,User162@mail.com
163,User163,User163@mail.com
164,User164,User164@mail.com
165,User165,User165@mail.com
166,User166,User166@mail.com
167,User167,User167@mail.com
168,User168,User168@mail.com
169,User169,User169@mail.com
170,User170,User170@mail.com
171,User171,User171@mail.com
172,User172,User172@mail.com
173,User173,User173@mail.com
174,User174,User174@mail.com
175,User175,User175@mail.com
176,User176,User176@mail.com
177,User177,User177@mail.com
178,User178,User178@mail.com
179,User179,User179@mail.com
180,User180,User180@mail.com
181,User181,User181@mail.com
182,User182,User182@mail.com
183,User183,User183@mail.com
184,User184,User184@mail.com
185,User185,User185@mail.com
186,User186,User186@mail.com
187,User187,User187@mail.com
188,User188,User188@mail.com
189,User189,User189@mail.com
190,User190,User190@mail.com
191,User191,User191@mail.com
192,User192,User192@mail.com
193,User193,User193@mail.com
194,User194,User194@mail.com
195,User195,User195@mail.com
196,User196,User196@mail.com
197,User197,User197@mail.com
198,User198,User198@mail.com
199,User199,User199@mail.com
200,User200,User200@mail.com
201,User201,User201@mail.com
202,User202,User202@mail.com
203,User203,User203@mail.com
204,User204,User204@mail.com
205,User205,User205@mail.com
206,User206,User206@mail.com
207,User207,User207@mail.com
208,User208,User208@mail.com
209,User209,User209@mail.com
210,User210,User210@mail.com
211,User211,User211@mail.com
212,User212,User212@mail.com
213,User213,User213@mail.com
214,User214,User214@mail.com
215,User215,User215@mail.com
216,User216,User216@mail.com
217,User217,User217@mail.com
218,User218,User218@mail.com
219,User219,User219@mail.com
220,User220,User220@mail.com
221,User221,User221@mail.com
222,User222,User222@mail.com
223,User223,User223@mail.com
224,User224,User224@mail.com
225,User225,User225@mail.com
226,User226,User226@mail.com
227,User227,User227@mail.com
228,User228,User228@mail.com
229,User229,User229@mail.com
230,User230,User230@mail.com
231,User231,User231@mail.com
232,User232,User232@mail.com
233,User233,User233@mail.com
234,User234,User234@mail.com
235,User235,User235@mail.com
236,User236,User236@mail.com
237,User237,User237@mail.com
238,User238,User238@mail.com
239,User239,User239@mail.com
240,User240,User240@mail.com
241,User241,User241@mail.com
242,User242,User242@mail.com
243,User243,User243@mail.com
244,User244,User244@mail.com
245,User245,User245@mail.com
246,User246,User246@mail.com
247,User247,User247@mail.com
248,User248,User248@mail.com
249,User249,User249@mail.com
250,User250,User250@mail.com
251,User251,User251@mail.com
252,User252,User252@mail.com
253,User253,User253@mail.com
254,User254,User254@mail.com
255,User255,User255@mail.com
256,User256,User256@mail.com
257,User257,User257@mail.com
258,User258,User258@mail.com
259,User259,User259@mail.com
260,User260,User260@mail.com
261,User261,User261@mail.com
262,User262,User262@mail.com
263,User263,User263@mail.com
264,User264,User264@mail.com
265,User265,User265@mail.com
266,User266,User266@mail.com
267,User267,User267@mail.com
268,User268,User268@mail.com
269,User269,User269@mail.com
270,User270,User270@mail.com
271,User271,User271@mail.com
272,User272,User272@mail.com
273,User273,User273@mail.com
274,User274,User274@mail.com
275,User275,User275@mail.com
276,User276,User276@mail.com
277,User277,User277@mail.com
278,User278,User278@mail.com
279,User279,User279@mail.com
280,User280,User280@mail.com
281,User281,User281@mail.com
282,User282,User282@mail.com
283,User283,User283@mail.com
284,User284,User284@mail.com
285,User285,User285@mail.com
286,User286,User286@mail.com
287,User287,User287@mail.com
288,User288,User288@mail.com
289,User289,User289@mail.com
290,User290,User290@mail.com
291,User291,User291@mail.com
292,User292,User292@mail.com
293,User293,User293@mail.com
294,User294,User294@mail.com
295,User295,User295@mail.com
296,User296,User296@mail.com
297,User297,User297@mail.com
298,User298,User298@mail.com
299,User299,User299@mail.com
300,User300,User300@mail.com
301,User301,User301@mail.com
302,User302,User302@mail.com
303,User303,User303@mail.com
304,User304,User304@mail.com
305,User305,User305@mail.com
306,User306,User306@mail.com
307,User307,User307@mail.com
308,User308,User308@mail.com
309,User309,User309@mail.com
310,User310,User310@mail.com
311,User311,User311@mail.com
312,User312,User312@mail.com
313,User313,User313@mail.com
314,User314,User314@mail.com
315,User315,User315@mail.com
316,User316,User316@mail.com
317,User317,User317@mail.com
318,User318,User318@mail.com
319,User319,User319@mail.com
320,User320,User320@mail.com
321,User321,User321@mail.com
322,User322,User322@mail.com
323,User323,User323@mail.com
324,User324,User324@mail.com
325,User325,User325@mail.com
326,User326,User326@mail.com
327,User327,User327@mail.com
328,User328,User328@mail.com
329,User329,User329@mail.com
330,User330,User330@mail.com
331,User331,User331@mail.com
332,User332,User332@mail.com
333,User333,User333@mail.com
334,User334,User334@mail.com
335,User335,User335@mail.com
336,User336,User336@mail.com
337,User337,User337@mail.com
338,User338,User338@mail.com
339,User339,User339@mail.com
340,User340,User340@mail.com
341,User341,User341@mail.com
342,User342,User342@mail.com
343,User343,User343@mail.com
344,User344,User344@mail.com
345,User345,User345@mail.com
346,User346,User346@mail.com
347,User347,User347@mail.com
348,User348,User348@mail.com
349,User349,User349@mail.com
350,User350,User350@mail.com
351,User351,User351@mail.com
352,User352,User352@mail.com
353,User353,User353@mail.com
354,User354,User354@mail.com
355,User355,User355@mail.com
356,User356,User356@mail.com
357,User357,User357@mail.com
358,User358,User358@mail.com
359,User359,User359@mail.com
360,User360,User360@mail.com
361,User361,User361@mail.com
362,User362,User362@mail.com
363,User363,User363@mail.com
364,User364,User364@mail.com
365,User365,User365@mail.com
366,User366,User366@mail.com
367,User367,User367@mail.com
368,User368,User368@mail.com
369,User369,User369@mail.com
370,User370,User370@mail.com
371,User371,User371@mail.com
372,User372,User372@mail.com
373,User373,User373@mail.com
374,User374,User374@mail.com
375,User375,User375@mail.com
376,User376,User376@mail.com
377,User377,User377@mail.com
378,User378,User378@mail.com
379,User379,User379@mail.com
380,User380,User380@mail.com
381,User381,User381@mail.com
382,User382,User382@mail.com
383,User383,User383@mail.com
384,User384,User384@mail.com
385,User385,User385@mail.com
386,User386,User386@mail.com
387,User387,User387@mail.com
388,User388,User388@mail.com
389,User389,User389@mail.com
390,User390,User390@mail.com
391,User391,User391@mail.com
392,User392,User392@mail.com
393,User393,User393@mail.com
394,User394,User394@mail.com
395,User395,User395@mail.com
396,User396,User396@mail.com
397,User397,User397@mail.com
398,User398,User398@mail.com
399,User399,User399@mail.com
400,User400,User400@mail.com
401,User401,User401@mail.com
402,User402,User402@mail.com
403,User403,User403@mail.com
404,User404,User404@mail.com
405,User405,User405@mail.com
406,User406,User406@mail.com
407,User407,User407@mail.com
408,User408,User408@mail.com
409,User409,User409@mail.com
410,User410,User410@mail.com
411,User411,User411@mail.com
412,User412,User412@mail.com
413,User413,User413@mail.com
414,User414,User414@mail.com
415,User415,User415@mail.com
416,User416,User416@mail.com
417,User417,User417@mail.com
418,User418,User418@mail.com
419,User419,User419@mail.com
420,User420,User420@mail.com
421,User421,User421@mail.com
422,User422,User422@mail.com
423,User423,User423@mail.com
424,User424,User424@mail.com
425,User425,User425@mail.com
426,User426,User426@mail.com
427,User427,User427@mail.com
428,User428,User428@mail.com
429,User429,User429@mail.com
430,User430,User430@mail.com
431,User431,User431@mail.com
432,User432,User432@mail.com
433,User433,User433@mail.com
434,User434,User434@mail.com
435,User435,User435@mail.com
436,User436,User436@mail.com
437,User437,User437@mail.com
438,User438,User438@mail.com
439,User439,User439@mail.com
440,User440,User440@mail.com
441,User441,User441@mail.com
442,User442,User442@mail.com
443,User443,User443@mail.com
444,User444,User444@mail.com
445,User445,User445@mail.com
446,User446,User446@mail.com
447,User447,User447@mail.com
448,User448,User448@mail.com
449,User449,User449@mail.com
450,User450,User450@mail.com
451,User451,User451@mail.com
452,User452,User452@mail.com
453,User453,User453@mail.com
454,User454,User454@mail.com
455,User455,User455@mail.com
456,User456,User456@mail.com
457,User457,User457@mail.com
458,User458,User458@mail.com
459,User459,User459@mail.com
460,User460,User460@mail.com
461,User461,User461@mail.com
462,User462,User462@mail.com
463,User463,User463@mail.com
464,User464,User464@mail.com
465,User465,User465@mail.com
466,User466,User466@mail.com
467,User467,User467@mail.com
468,User468,User468@mail.com
469,User469,User469@mail.com
470,User470,User470@mail.com
471,User471,User471@mail.com
472,User472,User472@mail.com
473,User473,User473@mail.com
474,User474,User474@mail.com
475,User475,User475@mail.com
476,User476,User476@mail.com
477,User477,User477@mail.com
478,User478,User478@mail.com
479,User479,User479@mail.com
480,User480,User480@mail.com
481,User481,User481@mail.com
482,User482,User482@mail.com
483,User483,User483@mail.com
484,User484,User484@mail.com
485,User485,User485@mail.com
486,User486,User486@mail.com
487,User487,User487@mail.com
488,User488,User488@mail.com
489,User489,User489@mail.com
490,User490,User490@mail.com
491,User491,User491@mail.com
492,User492,User492@mail.com
493,User493,User493@mail.com
494,User494,User494@mail.com
495,User495,User495@mail.com
496,User496,User496@mail.com
497,User497,User497@mail.com
498,User498,User498@mail.com
499,User499,User499@mail.com
500,User500,User500@mail.com
501,User501,User501@mail.com
502,User502,User502@mail.com
503,User503,User503@mail.com
504,User504,User504@mail.com
505,User505,User505@mail.com
506,User506,User506@mail.com
507,User507,User507@mail.com
508,User508,User508@mail.com
509,User509,User509@mail.com
510,User510,User510@mail.com
511,User511,User511@mail.com
512,User512,User512@mail.com
513,User513,User513@mail.com
514,User514,User514@mail.com
515,User515,User515@mail.com
516,User516,User516@mail.com
517,User517,User517@mail.com
518,User518,User518@mail.com
519,User519,User519@mail.com
520,User520,User520@mail.com
521,User521,User521@mail.com
522,User522,User522@mail.com
523,User523,User523@mail.com
524,User524,User524@mail.com
525,User525,User525@mail.com
526,User526,User526@mail.com
527,User527,User527@mail.com
528,User528,User528@mail.com
529,User529,User529@mail.com
530,User530,User530@mail.com
531,User531,User531@mail.com
532,User532,User532@mail.com
533,User533,User533@mail.com
534,User534,User534@mail.com
535,User535,User535@mail.com
536,User536,User536@mail.com
537,User537,User537@mail.com
538,User538,User538@mail.com
539,User539,User539@mail.com
540,User540,User540@mail.com
541,User541,User541@mail.com
542,User542,User542@mail.com
543,User543,User543@mail.com
544,User544,User544@mail.com
545,User545,User545@mail.com
546,User546,User546@mail.com
547,User547,User547@mail.com
548,User548,User548@mail.com
549,User549,User549@mail.com
550,User550,User550@mail.com
551,User551,User551@mail.com
552,User552,User552@mail.com
553,User553,User553@mail.com
554,User554,User554@mail.com
555,User555,User555@mail.com
556,User556,User556@mail.com
557,User557,User557@mail.com
558,User558,User558@mail.com
559,User559,User559@mail.com
560,User560,User560@mail.com
561,User561,User561@mail.com
562,User562,User562@mail.com
563,User563,User563@mail.com
564,User564,User564@mail.com
565,User565,User565@mail.com
566,User566,User566@mail.com
567,User567,User567@mail.com
568,User568,User568@mail.com
569,User569,User569@mail.com
570,User570,User570@mail.com
571,User571,User571@mail.com
572,User572,User572@mail.com
573,User573,User573@mail.com
574,User574,User574@mail.com
575,User575,User575@mail.com
576,User576,User576@mail.com
577,User577,User577@mail.com
578,User578,User578@mail.com
579,User579,User579@mail.com
580,User580,User580@mail.com
581,User581,User581@mail.com
582,User582,User582@mail.com
583,User583,User583@mail.com
584,User584,User584@mail.com
585,User585,User585@mail.com
586,User586,User586@mail.com
587,User587,User587@mail.com
588,User588,User588@mail.com
589,User589,User589@mail.com
590,User590,User590@mail.com
591,User591,User591@mail.com
592,User592,User592@mail.com
593,User593,User593@mail.com
594,User594,User594@mail.com
595,User595,User595@mail.com
596,User596,User596@mail.com
597,User597,User597@mail.com
598,User598,User598@mail.com
599,User599,User599@mail.com
600,User600,User600@mail.com
601,User601,User601@mail.com
602,User602,User602@mail.com
603,User603,User603@mail.com
604,User604,User604@mail.com
605,User605,User605@mail.com
606,User606,User606@mail.com
607,User607,User607@mail.com
608,User608,User608@mail.com
609,User609,User609@mail.com
610,User610,User610@mail.com
611,User611,User611@mail.com
612,User612,User612@mail.com
613,User613,User613@mail.com
614,User614,User614@mail.com
615,User615,User615@mail.com
616,User616,User616@mail.com
617,User617,User617@mail.com
618,User618,User618@mail.com
619,User619,User619@mail.com
620,User620,User620@mail.com
621,User621,User621@mail.com
622,User622,User622@mail.com
623,User623,User623@mail.com
624,User624,User624@mail.com
625,User625,User625@mail.com
626,User626,User626@mail.com
627,User627,User627@mail.com
628,User628,User628@mail.com
629,User629,User629@mail.com
630,User630,User630@mail.com
631,User631,User631@mail.com
632,User632,User632@mail.com
633,User633,User633@mail.com
634,User634,User634@mail.com
635,User635,User635@mail.com
636,User636,User636@mail.com
637,User637,User637@mail.com
638,User638,User638@mail.com
639,User639,User639@mail.com
640,User640,User640@mail.com
641,User641,User641@mail.com
642,User642,User642@mail.com
643,User643,User643@mail.com
644,User644,User644@mail.com
645,User645,User645@mail.com
646,User646,User646@mail.com
647,User647,User647@mail.com
648,User648,User648@mail.com
649,User649,User649@mail.com
650,User650,User650@mail.com
651,User651,User651@mail.com
652,User652,User652@mail.com
653,User653,User653@mail.com
654,User654,User654@mail.com
655,User655,User655@mail.com
656,User656,User656@mail.com
657,User657,User657@mail.com
658,User658,User658@mail.com
659,User659,User659@mail.com
660,User660,User660@mail.com
661,User661,User661@mail.com
662,User662,User662@mail.com
663,User663,User663@mail.com
664,User664,User664@mail.com
665,User665,User665@mail.com
666,User666,User666@mail.com
667,User667,User667@mail.com
668,User668,User668@mail.com
669,User669,User669@mail.com
670,User670,User670@mail.com
671,User671,User671@mail.com
672,User672,User672@mail.com
673,User673,User673@mail.com
674,User674,User674@mail.com
675,User675,User675@mail.com
676,User676,User676@mail.com
677,User677,User677@mail.com
678,User678,User678@mail.com
679,User679,User679@mail.com
680,User680,User680@mail.com
681,User681,User681@mail.com
682,User682,User682@mail.com
683,User683,User683@mail.com
684,User684,User684@mail.com
685,User685,User685@mail.com
686,User686,User686@mail.com
687,User687,User687@mail.com
688,User688,User688@mail.com
689,User689,User689@mail.com
690,User690,User690@mail.com
691,User691,User691@mail.com
692,User692,User692@mail.com
693,User693,User693@mail.com
694,User694,User694@mail.com
695,User695,User695@mail.com
696,User696,User696@mail.com
697,User697,User697@mail.com
698,User698,User698@mail.com
699,User699,User699@mail.com
700,User700,User700@mail.com
701,User701,User701@mail.com
702,User702,User702@mail.com
703,User703,User703@mail.com
704,User704,User704@mail.com
705,User705,User705@mail.com
706,User706,User706@mail.com
707,User707,User707@mail.com
708,User708,User708@mail.com
709,User709,User709@mail.com
710,User710,User710@mail.com
711,User711,User711@mail.com
712,User712,User712@mail.com
713,User713,User713@mail.com
714,User714,User714@mail.com
715,User715,User715@mail.com
716,User716,User716@mail.com
717,User717,User717@mail.com
718,User718,User718@mail.com
719,User719,User719@mail.com
720,User720,User720@mail.com
721,User721,User721@mail.com
722,User722,User722@mail.com
723,User723,User723@mail.com
724,User724,User724@mail.com
725,User725,User725@mail.com
726,User726,User726@mail.com
727,User727,User727@mail.com
728,User728,User728@mail.com
729,User729,User729@mail.com
730,User730,User730@mail.com
731,User731,User731@mail.com
732,User732,User732@mail.com
733,User733,User733@mail.com
734,User734,User734@mail.com
735,User735,User735@mail.com
736,User736,User736@mail.com
737,User737,User737@mail.com
738,User738,User738@mail.com
739,User739,User739@mail.com
740,User740,User740@mail.com
741,User741,User741@mail.com
742,User742,User742@mail.com
743,User743,User743@mail.com
744,User744,User744@mail.com
745,User745,User745@mail.com
746,User746,User746@mail.com
747,User747,User747@mail.com
748,User748,User748@mail.com
749,User749,User749@mail.com
750,User750,User750@mail.com
751,User751,User751@mail.com
752,User752,User752@mail.com
753,User753,User753@mail.com
754,User754,User754@mail.com
755,User755,User755@mail.com
756,User756,User756@mail.com
757,User757,User757@mail.com
758,User758,User758@mail.com
759,User759,User759@mail.com
760,User760,User760@mail.com
761,User761,User761@mail.com
762,User762,User762@mail.com
763,User763,User763@mail.com
764,User764,User764@mail.com
765,User765,User765@mail.com
766,User766,User766@mail.com
767,User767,User767@mail.com
768,User768,User768@mail.com
769,User769,User769@mail.com
770,User770,User770@mail.com
771,User771,User771@mail.com
772,User772,User772@mail.com
773,User773,User773@mail.com
774,User774,User774@mail.com
775,User775,User775@mail.com
776,User776,User776@mail.com
777,User777,User777@mail.com
778,User778,User778@mail.com
779,User779,User779@mail.com
780,User780,User780@mail.com
781,User781,User781@mail.com
782,User782,User782@mail.com
783,User783,User783@mail.com
784,User784,User784@mail.com
785,User785,User785@mail.com
786,User786,User786@mail.com
787,User787,User787@mail.com
788,User788,User788@mail.com
789,User789,User789@mail.com
790,User790,User790@mail.com
791,User791,User791@mail.com
792,User792,User792@mail.com
793,User793,User793@mail.com
794,User794,User794@mail.com
795,User795,User795@mail.com
796,User796,User796@mail.com
797,User797,User797@mail.com
798,User798,User798@mail.com
799,User799,User799@mail.com
800,User800,User800@mail.com
801,User801,User801@mail.com
802,User802,User802@mail.com
803,User803,User803@mail.com
804,User804,User804@mail.com
805,User805,User805@mail.com
806,User806,User806@mail.com
807,User807,User807@mail.com
808,User808,User808@mail.com
809,User809,User809@mail.com
810,User810,User810@mail.com
811,User811,User811@mail.com
812,User812,User812@mail.com
813,User813,User813@mail.com
814,User814,User814@mail.com
815,User815,User815@mail.com
816,User816,User816@mail.com
817,User817,User817@mail.com
818,User818,User818@mail.com
819,User819,User819@mail.com
820,User820,User820@mail.com
821,User821,User821@mail.com
822,User822,User822@mail.com
823,User823,User823@mail.com
824,User824,User824@mail.com
825,User825,User825@mail.com
826,User826,User826@mail.com
827,User827,User827@mail.com
828,User828,User828@mail.com
829,User829,User829@mail.com
830,User830,User830@mail.com
831,User831,User831@mail.com
832,User832,User832@mail.com
833,User833,User833@mail.com
834,User834,User834@mail.com
835,User835,User835@mail.com
836,User836,User836@mail.com
837,User837,User837@mail.com
838,User838,User838@mail.com
839,User839,User839@mail.com
840,User840,User840@mail.com
841,User841,User841@mail.com
842,User842,User842@mail.com
843,User843,User843@mail.com
844,User844,User844@mail.com
845,User845,User845@mail.com
846,User846,User846@mail.com
847,User847,User847@mail.com
848,User848,User848@mail.com
849,User849,User849@mail.com
850,User850,User850@mail.com
851,User851,User851@mail.com
852,User852,User852@mail.com
853,User853,User853@mail.com
854,User854,User854@mail.com
855,User855,User855@mail.com
856,User856,User856@mail.com
857,User857,User857@mail.com
858,User858,User858@mail.com
859,User859,User859@mail.com
860,User860,User860@mail.com
861,User861,User861@mail.com
862,User862,User862@mail.com
863,User863,User863@mail.com
864,User864,User864@mail.com
865,User865,User865@mail.com
866,User866,User866@mail.com
867,User867,User867@mail.com
868,User868,User868@mail.com
869,User869,User869@mail.com
870,User870,User870@mail.com
871,User871,User871@mail.com
872,User872,User872@mail.com
873,User873,User873@mail.com
874,User874,User874@mail.com
875,User875,User875@mail.com
876,User876,User876@mail.com
877,User877,User877@mail.com
878,User878,User878@mail.com
879,User879,User879@mail.com
880,User880,User880@mail.com
881,User881,User881@mail.com
882,User882,User882@mail.com
883,User883,User883@mail.com
884,User884,User884@mail.com
885,User885,User885@mail.com
886,User886,User886@mail.com
887,User887,User887@mail.com
888,User888,User888@mail.com
889,User889,User889@mail.com
890,User890,User890@mail.com
891,User891,User891@mail.com
892,User892,User892@mail.com
893,User893,User893@mail.com
894,User894,User894@mail.com
895,User895,User895@mail.com
896,User896,User896@mail.com
897,User897,User897@mail.com
898,User898,User898@mail.com
899,User899,User899@mail.com
900,User900,User900@mail.com
901,User901,User901@mail.com
902,User902,User902@mail.com
903,User903,User903@mail.com
904,User904,User904@mail.com
905,User905,User905@mail.com
906,User906,User906@mail.com
907,User907,User907@mail.com
908,User908,User908@mail.com
909,User909,User909@mail.com
910,User910,User910@mail.com
911,User911,User911@mail.com
912,User912,User912@mail.com
913,User913,User913@mail.com
914,User914,User914@mail.com
915,User915,User915@mail.com
916,User916,User916@mail.com
917,User917,User917@mail.com
918,User918,User918@mail.com
919,User919,User919@mail.com
920,User920,User920@mail.com
921,User921,User921@mail.com
922,User922,User922@mail.com
923,User923,User923@mail.com
924,User924,User924@mail.com
925,User925,User925@mail.com
926,User926,User926@mail.com
927,User927,User927@mail.com
928,User928,User928@mail.com
929,User929,User929@mail.com
930,User930,User930@mail.com
931,User931,User931@mail.com
932,User932,User932@mail.com
933,User933,User933@mail.com
934,User934,User934@mail.com
935,User935,User935@mail.com
936,User936,User936@mail.com
937,User937,User937@mail.com
938,User938,User938@mail.com
939,User939,User939@mail.com
940,User940,User940@mail.com
941,User941,User941@mail.com
942,User942,User942@mail.com
943,User943,User943@mail.com
944,User944,User944@mail.com
945,User945,User945@mail.com
946,User946,User946@mail.com
947,User947,User947@mail.com
948,User948,User948@mail.com
949,User949,User949@mail.com
950,User950,User950@mail.com
951,User951,User951@mail.com
952,User952,User952@mail.com
953,User953,User953@mail.com
954,User954,User954@mail.com
955,User955,User955@mail.com
956,User956,User956@mail.com
957,User957,User957@mail.com
958,User958,User958@mail.com
959,User959,User959@mail.com
960,User960,User960@mail.com
961,User961,User961@mail.com
962,User962,User962@mail.com
963,User963,User963@mail.com
964,User964,User964@mail.com
965,User965,User965@mail.com
966,User966,User966@mail.com
967,User967,User967@mail.com
968,User968,User968@mail.com
969,User969,User969@mail.com
970,User970,User970@mail.com
971,User971,User971@mail.com
972,User972,User972@mail.com
973,User973,User973@mail.com
974,User974,User974@mail.com
975,User975,User975@mail.com
976,User976,User976@mail.com
977,User977,User977@mail.com
978,User978,User978@mail.com
979,User979,User979@mail.com
980,User980,User980@mail.com
981,User981,User981@mail.com
982,User982,User982@mail.com
983,User983,User983@mail.com
984,User984,User984@mail.com
985,User985,User985@mail.com
986,User986,User986@mail.com
987,User987,User987@mail.com
988,User988,User988@mail.com
989,User989,User989@mail.com
990,User990,User990@mail.com
991,User991,User991@mail.com
992,User992,User992@mail.com
993,User993,User993@mail.com
994,User994,User994@mail.com
995,User995,User995@mail.com
996,User996,User996@mail.com
997,User997,User997@mail.com
998,User998,User998@mail.com
999,User999,User999@mail.com
1000,User1000,User1000@mail.com
